6172	# doc = Dima_bike.2.txt																
6173	# speaker = ƒима																
6174	# sent = 534																
6175	"<distinct form="""																
6176	<dist>	я€															
6177	""">"																
6178		я	я	SPRO sg 1p nom			 я€  _я_  расскажу историю	€						SPRO	я	SPRO sg 1p nom	я
6179	</distinct>																
6180		расскажу	–ј—— ј«ј“№	V pf fut sg indic - 1p			 я  _расскажу_ историю про Е	у	ж	а	к	с	с	V	–ј—— ј«ј“№	V pf fut sg indic - 1p	№
6181		историю	»—“ќ–»я	S f inan acc sg			я  расскажу _историю_ про Е мотоцикл	ю	и	р	о	т	с	S	»—“ќ–»я	S f inan acc sg	я
6182		про	ѕ–ќ	PR			 расскажу историю _про_ Е мотоцикл ,	о	р	п				PR	ѕ–ќ	PR	ќ
6183		Е	Е	PUNCT										PUNCT			
6184		мотоцикл	ћќ“ќ÷» Ћ	S m inan acc sg			историю про Е _мотоцикл_ , который у	л	к	и	ц	о	т	S	ћќ“ќ÷» Ћ	S m inan nom sg	Ћ
6185		,	,	PUNCT										PUNCT			
6186		который	 ќ“ќ–џ…	APRO - nom sg plen m -			Е мотоцикл , _который_ у мен€ по€вилс€	й	ы	р	о	т	о	APRO	 ќ“ќ–џ…	A - nom sg plen m -	…
6187		у	”	PR			мотоцикл , который _у_ мен€ по€вилс€ недавно	у						PR	”	PR	”
6188		мен€	я	SPRO sg 1p - gen			, который у _мен€_ по€вилс€ недавно ,	€	н	е	м			SPRO	я	SPRO sg 1p - acc	я
6189		по€вилс€	ѕќя¬»“№—я	V pf praet sg indic m -			который у мен€ _по€вилс€_ недавно , и	€	с	л	и	в	€	V	ѕќя¬»“№—я	V pf praet sg indic m -	я
6190		недавно	Ќ≈ƒј¬Ќќ	ADV -			у мен€ по€вилс€ _недавно_ , и Е	о	н	в	а	д	е	ADV	Ќ≈ƒј¬Ќќ	ADV -	ќ
6191		,	,	PUNCT										PUNCT			
6192		и	»	CONJ			по€вилс€ недавно , _и_ Е с чем	и						CONJ	»	CONJ	»
6193		Е	Е	PUNCT										PUNCT			
6194		с	—	PR			, и Е _с_ чем он мне	с						PR	—	PR	—
6195		чем	„“ќ	SPRO n inan ins sg			и Е с _чем_ он мне помог	м	е	ч				SPRO	„“ќ	S n - ins sg	ќ
6196		он	ќЌ	SPRO sg 3p m nom			Е с чем _он_ мне помог ,	н	о					SPRO	ќЌ	SPRO sg 3p m nom	Ќ
6197		мне	я	SPRO sg 1p - dat			с чем он _мне_ помог , что	е	н	м				SPRO	я	SPRO sg 1p - dat	я
6198		помог	ѕќћќ„№	V pf praet sg indic m -			чем он мне _помог_ , что произошло	г	о	м	о	п		V	ѕќћќ„№	V pf praet sg indic m -	№
6199		,	,	PUNCT										PUNCT			
6200		что	„“ќ	CONJ			мне помог , _что_ произошло ... ,	о	т	ч				CONJ	„“ќ	CONJ	ќ
6201		произошло	ѕ–ќ»«ќ…“»	V pf praet sg indic n -			помог , что _произошло_ ... , и	о	л	ш	о	з	и	V	ѕ–ќ»«ќ…“»	V pf praet sg indic n -	»
6202		...	...	PUNCT										PUNCT			
6203		,	,	PUNCT										PUNCT			
6204		и	»	CONJ			произошло ... , _и_ ... как он	и						CONJ	»	CONJ	»
6205		...	...	PUNCT										PUNCT			
6206		как	 ј 	CONJ -			, и ... _как_ он мне обошЄлс€	к	а	к				ADV	 ј 	ADV -	 
6207		он	ќЌ	SPRO sg 3p m nom			и ... как _он_ мне обошЄлс€ ,	н	о					SPRO	ќЌ	SPRO sg 3p m nom	Ќ
6208		мне	я	SPRO sg 1p - dat			... как он _мне_ обошЄлс€ , как	е	н	м				SPRO	я	SPRO sg 1p - dat	я
6209		обошЄлс€	ќЅќ…“»—№	V pf praet sg indic m -			как он мне _обошЄлс€_ , как досталс€	€	с	л	Є	ш	о	V	ќЅќ…“»—№	V pf praet sg indic m -	№
6210		,	,	PUNCT										PUNCT			
6211		как	 ј 	CONJ			мне обошЄлс€ , _как_ досталс€ . 	к	а	к				CONJ	 ј 	CONJ	 
6212		досталс€	ƒќ—“ј“№—я	V pf praet sg indic m -			обошЄлс€ , как _досталс€_ .  	€	с	л	а	т	с	V	ƒќ—“ј“№—я	V pf praet sg indic m -	я
6213		.	.	PUNCT										PUNCT			
6214																	
6215	# sent = 535																
6216	# speaker = ƒима																
6217	# sent = 536																
6218		ѕо€вилс€	ѕќя¬»“№—я	V pf praet sg indic m -			   _ѕо€вилс€_ он у мен€	€	с	л	и	в	€	V	ѕќя¬»“№—я	V pf praet sg indic m -	я
6219		он	ќЌ	SPRO sg 3p m nom			  ѕо€вилс€ _он_ у мен€ относительно	н	о					SPRO	ќЌ	SPRO sg 3p m nom	Ќ
6220		у	”	PR			 ѕо€вилс€ он _у_ мен€ относительно недавно	у						PR	”	PR	”
6221		мен€	я	SPRO sg 1p - gen			ѕо€вилс€ он у _мен€_ относительно недавно .	€	н	е	м			SPRO	я	SPRO sg 1p - acc	я
6222		относительно	ќ“Ќќ—»“≈Ћ№Ќќ	ADV -			он у мен€ _относительно_ недавно . 	о	н	ь	л	е	т	ADV	ќ“Ќќ—»“≈Ћ№Ќќ	ADV -	ќ
6223		недавно	Ќ≈ƒј¬Ќќ	ADV -			у мен€ относительно _недавно_ .  	о	н	в	а	д	е	ADV	Ќ≈ƒј¬Ќќ	ADV -	ќ
6224		.	.	PUNCT										PUNCT			
6225																	
6226	# sent = 537																
6227		јаа	јјј	INTJ			.   _јаа_ , это была	а	а	а				INTJ	јјј	INTJ	ј
6228		,	,	PUNCT										PUNCT			
6229		это	Ё“ќ	SPRO n - nom sg			 јаа , _это_ была , ну	о	т	э				SPRO	Ё“ќ	S n - nom sg	ќ
6230		была	Ѕџ“№	V ipf praet sg indic f -			јаа , это _была_ , ну ,	а	л	ы	б			V	Ѕџ“№	V ipf praet sg indic f -	№
6231		,	,	PUNCT										PUNCT			
6232		ну	Ќ”	PART			это была , _ну_ , и есть	у	н					PART	Ќ”	PART	”
6233		,	,	PUNCT										PUNCT			
6234		и	»	CONJ			, ну , _и_ есть , 	и						CONJ	»	CONJ	»
6235		есть	Ѕџ“№	V ipf praes sg indic - 3p			ну , и _есть_ ,  собственна	ь	т	с	е			V	Ѕџ“№	V ipf praes sg indic - 3p	№
6236		,	,	PUNCT										PUNCT			
6237	"<distinct form="""																
6238	<dist>	собственна															
6239	""">"																
6240		собственно	—ќЅ—“¬≈ЌЌќ	ADV -			 собственна  _собственно_  , ’онда	о	н	н	е	в	т	ADV	—ќЅ—“¬≈ЌЌќ	ADV -	ќ
6241	</distinct>																
6242		,	,	PUNCT										PUNCT			
6243		’онда	’ќЌƒј	S f inan nom sg			собственно  , _’онда_  —ибиэрка 	а	д	н	о	х		S	’ќЌƒј	S m anim nom sg	ј
6244	"<distinct form="""																
6245	<dist>	—ибиэрка															
6246	""">"																
6247		—BR	—BR	NONLEX			 —ибиэрка  _—BR_  . 	r	b	с				NONLEX	—BR	NONLEX	R
6248	</distinct>																
6249		.	.	PUNCT										PUNCT			
6250																	
6251	# sent = 538																
6252		јаа	јјј	INTJ			.   _јаа_ , на 	а	а	а				INTJ	јјј	INTJ	ј
6253		,	,	PUNCT										PUNCT			
6254		на	Ќј	PR			 јаа , _на_  шессот 	а	н					PART	Ќј	PART	ј
6255	"<distinct form="""																
6256	<dist>	шессот															
6257	""">"																
6258		шестьсот	Ў≈—“№—ќ“	NUM acc - -			 шессот  _шестьсот_  кубов .	т	о	с	ь	т	с	NUM	Ў≈—“№—ќ“	NUM acc - -	“
6259	</distinct>																
6260		кубов	 ”Ѕ	S m inan gen pl			 шестьсот  _кубов_ .  	в	о	б	у	к		S	 ”Ѕ	S m inan gen pl	Ѕ
6261		.	.	PUNCT										PUNCT			
6262																	
6263	# sent = 539																
6264		ќт	ќ“	PR			.   _ќт_ шестисот кубов идЄт	т	о					PR	ќ“	PR	“
6265		шестисот	Ў≈—“№—ќ“	NUM gen - -			  ќт _шестисот_ кубов идЄт 	т	о	с	и	т	с	NUM	Ў≈—“№—ќ“	NUM gen - -	“
6266		кубов	 ”Ѕ	S m inan gen pl			 ќт шестисот _кубов_ идЄт  спор	в	о	б	у	к		S	 ”Ѕ	S m inan gen pl	Ѕ
6267		идЄт	»ƒ“»	V ipf praes sg indic - 3p			ќт шестисот кубов _идЄт_  спор 	т	Є	д	и			V	»ƒ“»	V ipf praes sg indic - 3p	»
6268	"<distinct form="""																
6269	<dist>	спор															
6270	""">"																
6271		спорт	—ѕќ–“	NONLEX	слитно		 спор  _спорт_  ... спорткар	т	р	о	п	с		S	—ѕќ–“	S m inan nom sg	“
6272	</distinct>																
6273		...	...	PUNCT										PUNCT			
6274		спорткар	—ѕќ–“ ј–	S m inan nom sg	new		спорт  ... _спорткар_ , ааа ,	р	а	к	т	р	о	S	—ѕќ–“ ј–	S m inan acc sg	–
6275		,	,	PUNCT										PUNCT			
6276		ааа	јјј	INTJ			... спорткар , _ааа_ , но в	а	а	а				INTJ	јјј	INTJ	ј
6277		,	,	PUNCT										PUNCT			
6278		но	Ќќ	CONJ			, ааа , _но_ в данном случае	о	н					CONJ	Ќќ	CONJ	ќ
6279		в	¬	PR			ааа , но _в_ данном случае это	в						PR	¬	PR	¬
6280		данном	ƒјЌЌџ…	A - loc sg plen m -			, но в _данном_ случае это будет	м	о	н	н	а	д	A	ƒјЌЌџ…	A - loc sg plen m -	…
6281		случае	—Ћ”„ј…	S m inan loc sg			но в данном _случае_ это будет мотоцикл	е	а	ч	у	л	с	S	—Ћ”„ј…	S m inan loc sg	…
6282		это	Ё“ќ	SPRO n - nom sg			в данном случае _это_ будет мотоцикл ,	о	т	э				SPRO	Ё“ќ	S n - nom sg	ќ
6283		будет	Ѕџ“№	V ipf fut sg indic - 3p			данном случае это _будет_ мотоцикл , тоже	т	е	д	у	б		V	Ѕџ“№	V ipf praes sg indic - 3p	№
6284		мотоцикл	ћќ“ќ÷» Ћ	S m inan nom sg			случае это будет _мотоцикл_ , тоже будет	л	к	и	ц	о	т	S	ћќ“ќ÷» Ћ	S m inan nom sg	Ћ
6285		,	,	PUNCT										PUNCT			
6286		тоже	“ќ∆≈	ADV			будет мотоцикл , _тоже_ будет €вл€тьс€ спортивным	е	ж	о	т			PART	“ќ∆≈	PART	≈
6287		будет	Ѕџ“№	V ipf praes sg indic - 3p			мотоцикл , тоже _будет_ €вл€тьс€ спортивным .	т	е	д	у	б		V	Ѕџ“№	V ipf praes sg indic - 3p	№
6288		€вл€тьс€	я¬Ћя“№—я	V ipf - - inf - -			, тоже будет _€вл€тьс€_ спортивным . 	€	с	ь	т	€	л	V	я¬Ћя“№—я	V ipf - - inf - -	я
6289		спортивным	—ѕќ–“»¬Ќџ…	A - ins sg plen m -			тоже будет €вл€тьс€ _спортивным_ .  	м	ы	н	в	и	т	A	—ѕќ–“»¬Ќџ…	A - ins sg plen m -	…
6290		.	.	PUNCT										PUNCT			
6291																	
6292	# sent = 540																
6293		“ам	“јћ	ADV -			.   _“ам_ , в принципе	м	а	т				ADV	“јћ	ADV -	ћ
6294		,	,	PUNCT										PUNCT			
6295		в	¬	PR			 “ам , _в_ принципе , одно	в						PR	¬	PR	¬
6296		принципе	ѕ–»Ќ÷»ѕ	S m inan loc sg			“ам , в _принципе_ , одно и	е	п	и	ц	н	и	S	ѕ–»Ќ÷»ѕ	S m inan loc sg	ѕ
6297		,	,	PUNCT										PUNCT			
6298		одно	ќƒ»Ќ	ANUM - nom sg plen n -			в принципе , _одно_ и то же	о	н	д	о			ANUM	ќƒ»Ќ	A - nom sg plen n -	Ќ
6299		и	»	CONJ			принципе , одно _и_ то же разделение	и						CONJ	»	CONJ	»
6300		то	“ќ“	A - nom sg plen n -			, одно и _то_ же разделение .	о	т					A	“ќ“	A - acc sg plen n -	“
6301		же	∆≈	PART			одно и то _же_ разделение . 	е	ж					PART	∆≈	PART	≈
6302		разделение	–ј«ƒ≈Ћ≈Ќ»≈	S n inan nom sg			и то же _разделение_ .  	е	и	н	е	л	е	S	–ј«ƒ≈Ћ≈Ќ»≈	S n inan nom sg	≈
6303		.	.	PUNCT										PUNCT			
6304																	
6305	# sent = 541																
6306	# speaker = ƒима																
6307	# sent = 542																
6308		ƒосталась	ƒќ—“ј“№—я	V pf praet sg indic f -			   _ƒосталась_ она мне за	ь	с	а	л	а	т	V	ƒќ—“ј“№—я	V pf praet sg indic f -	я
6309		она	ќЌј	SPRO sg 3p f nom			  ƒосталась _она_ мне за Е	а	н	о				SPRO	ќЌј	SPRO sg 3p f nom	ј
6310		мне	я	SPRO sg 1p - dat			 ƒосталась она _мне_ за Е одну	е	н	м				SPRO	я	SPRO sg 1p - dat	я
6311		за	«ј	PR			ƒосталась она мне _за_ Е одну треть	а	з					PR	«ј	PR	ј
6312		Е	Е	PUNCT										PUNCT			
6313		одну	ќƒ»Ќ	ANUM - acc sg plen f -			мне за Е _одну_ треть , 	у	н	д	о			ANUM	ќƒ»Ќ	A - acc sg plen f -	Ќ
6314		треть	“–≈“№	S f inan acc sg			за Е одну _треть_ ,  потомушта	ь	т	е	р	т		S	“–≈“№	S f inan acc sg	№
6315		,	,	PUNCT										PUNCT			
6316	"<distinct form="""																
6317	<dist>	потомушта															
6318	""">"																
6319		потому что	потому что	CONJ	раздельно		 потомушта  _потому что_  предыдущий хоз€ин	о	т	ч	 	у	м	CONJ	потому что	CONJ	о
6320	</distinct>																
6321		предыдущий	ѕ–≈ƒџƒ”ў»…	A - nom sg plen m -			 потому что  _предыдущий_ хоз€ин , к	й	и	щ	у	д	ы	A	ѕ–≈ƒџƒ”ў»…	A - nom sg plen m -	…
6322		хоз€ин	’ќ«я»Ќ	S m anim nom sg			потому что  предыдущий _хоз€ин_ , к сожалению	н	и	€	з	о	х	S	’ќ«я»Ќ	S m anim nom sg	Ќ
6323		,	,	PUNCT										PUNCT			
6324		к	 	PR			предыдущий хоз€ин , _к_ сожалению , так	к						PR	 	PR	 
6325		сожалению	—ќ∆јЋ≈Ќ»≈	S n inan dat sg			хоз€ин , к _сожалению_ , так получилось	ю	и	н	е	л	а	S	—ќ∆јЋ≈Ќ»≈	S n inan dat sg	≈
6326		,	,	PUNCT										PUNCT			
6327		так	“ј 	ADV -			к сожалению , _так_ получилось , что	к	а	т				ADV	“ј 	ADV -	 
6328		получилось	ѕќЋ”„»“№—я	V pf praet sg indic n -			сожалению , так _получилось_ , что он	ь	с	о	л	и	ч	V	ѕќЋ”„»“№—я	V pf praet sg indic n -	я
6329		,	,	PUNCT										PUNCT			
6330		что	„“ќ	CONJ			так получилось , _что_ он разбилс€ на	о	т	ч				CONJ	„“ќ	CONJ	ќ
6331		он	ќЌ	SPRO sg 3p m nom			получилось , что _он_ разбилс€ на ней	н	о					SPRO	ќЌ	SPRO sg 3p m nom	Ќ
6332		разбилс€	–ј«Ѕ»“№—я	V pf praet sg indic m -			, что он _разбилс€_ на ней ,	€	с	л	и	б	з	V	–ј«Ѕ»“№—я	V pf praet sg indic m -	я
6333		на	Ќј	PR			что он разбилс€ _на_ ней , и	а	н					PR	Ќј	PR	ј
6334		ней	ќЌј	SPRO sg 3p f loc			он разбилс€ на _ней_ , и мне	й	е	н				SPRO	ќЌј	SPRO sg 3p f loc	ј
6335		,	,	PUNCT										PUNCT			
6336		и	»	CONJ			на ней , _и_ мне пришлось выкупить	и						CONJ	»	CONJ	»
6337		мне	я	SPRO sg 1p - dat			ней , и _мне_ пришлось выкупить за	е	н	м				SPRO	я	SPRO sg 1p - dat	я
6338		пришлось	ѕ–»…“»—№	V pf praet sg indic n -			, и мне _пришлось_ выкупить за одну	ь	с	о	л	ш	и	V	ѕ–»…“»—№	V pf praet sg indic n -	№
6339		выкупить	¬џ ”ѕ»“№	V pf - - inf - -			и мне пришлось _выкупить_ за одну треть	ь	т	и	п	у	к	V	¬џ ”ѕ»“№	V pf - - inf - -	№
6340		за	«ј	PR			мне пришлось выкупить _за_ одну треть и	а	з					PR	«ј	PR	ј
6341		одну	ќƒ»Ќ	ANUM - acc sg plen f -			пришлось выкупить за _одну_ треть и ремонтировать	у	н	д	о			ANUM	ќƒ»Ќ	A - acc sg plen f -	Ќ
6342		треть	“–≈“№	S f inan acc sg			выкупить за одну _треть_ и ремонтировать 	ь	т	е	р	т		S	“–≈“№	S f inan acc sg	№
6343		и	»	CONJ			за одну треть _и_ ремонтировать  наа	и						CONJ	»	CONJ	»
6344		ремонтировать	–≈ћќЌ“»–ќ¬ј“№	V ipf - - inf - -			одну треть и _ремонтировать_  наа 	ь	т	а	в	о	р	V	–≈ћќЌ“»–ќ¬ј“№	V ipf - - inf - -	№
6345	"<distinct form="""																
6346	<dist>	наа															
6347	""">"																
6348		на	Ќј	PR			 наа  _на_  свои 	а	н					PART	Ќј	PART	ј
6349	</distinct>																
6350		свои	—¬ќ…	APRO - acc pl plen - inan			 на  _свои_  собссные 	и	о	в	с			APRO	—¬ќ…	A - acc pl plen - inan	…
6351	"<distinct form="""																
6352	<dist>	собссные															
6353	""">"																
6354		собственные	—ќЅ—“¬≈ЌЌџ…	A - acc pl plen - inan			 собссные  _собственные_  средства .	е	ы	н	н	е	в	A	—ќЅ—“¬≈ЌЌџ…	A - acc pl plen - inan	…
6355	</distinct>																
6356		средства	—–≈ƒ—“¬ќ	S n inan acc pl			 собственные  _средства_ .  	а	в	т	с	д	е	S	—–≈ƒ—“¬ќ	S n inan acc pl	ќ
6357		.	.	PUNCT										PUNCT			
6358																	
6359	# sent = 543																
6360	# speaker = ƒима																
6361	# sent = 544																
6362		я	я	SPRO sg 1p - nom			   _я_  даавольно 	€						SPRO	я	SPRO sg 1p - nom	я
6363	"<distinct form="""																
6364	<dist>	даавольно															
6365	""">"																
6366		довольно	ƒќ¬ќЋ№Ќќ	ADV -			 даавольно  _довольно_  много потратил	о	н	ь	л	о	в	ADV	ƒќ¬ќЋ№Ќќ	ADV -	ќ
6367	</distinct>																
6368		много	ћЌќ√ќ	ADV -			 довольно  _много_ потратил времени на	о	г	о	н	м		ADV	ћЌќ√ќ	ADV -	ќ
6369		потратил	ѕќ“–ј“»“№	V pf praet sg indic m -			довольно  много _потратил_ времени на это	л	и	т	а	р	т	V	ѕќ“–ј“»“№	V pf praet sg indic m -	№
6370		времени	¬–≈ћя	S n inan gen sg			 много потратил _времени_ на это .	и	н	е	м	е	р	S	¬–≈ћя	S n inan gen sg	я
6371		на	Ќј	PR			много потратил времени _на_ это . 	а	н					PR	Ќј	PR	ј
6372		это	Ё“ќ	SPRO n - acc sg			потратил времени на _это_ .  	о	т	э				SPRO	Ё“ќ	S n - acc sg	ќ
6373		.	.	PUNCT										PUNCT			
6374																	
6375	# sent = 545																
6376	"<distinct form="""																
6377	<dist>	потомушта															
6378	""">"																
6379		потому что	потому что	CONJ	раздельно		 потомушта  _потому что_  Е во-первых	о	т	ч	 	у	м	CONJ	потому что	CONJ	о
6380	</distinct>																
6381		Е	Е	PUNCT										PUNCT			
6382		во-первых	¬ќ-ѕ≈–¬џ’	PARENTH			потому что  Е _во-первых_ , нужно было	х	ы	в	р	е	п	PARENTH	¬ќ-ѕ≈–¬џ’	ADV -	’
6383		,	,	PUNCT										PUNCT			
6384		нужно	Ќ”∆Ќќ	PRAEDIC			Е во-первых , _нужно_ было еЄ пригнать	о	н	ж	у	н		PRAEDIC	Ќ”∆Ќќ	ADV -	ќ
6385		было	Ѕџ“№	V ipf praet sg indic n -			во-первых , нужно _было_ еЄ пригнать из	о	л	ы	б			V	Ѕџ“№	V ipf praet sg indic n -	№
6386		еЄ	ќЌј	SPRO sg 3p f acc			, нужно было _еЄ_ пригнать из другого	Є	е					SPRO	ќЌј	SPRO sg 3p f acc	ј
6387		пригнать	ѕ–»√Ќј“№	V pf - - inf - -			нужно было еЄ _пригнать_ из другого города	ь	т	а	н	г	и	V	ѕ–»√Ќј“№	V pf - - inf - -	№
6388		из	»«	PR			было еЄ пригнать _из_ другого города .	з	и					PR	»«	PR	«
6389		другого	ƒ–”√ќ…	A - gen sg plen m -			еЄ пригнать из _другого_ города . 	о	г	о	г	у	р	A	ƒ–”√ќ…	A - gen sg plen m -	…
6390		города	√ќ–ќƒ	S m inan gen sg			пригнать из другого _города_ .  	а	д	о	р	о	г	S	√ќ–ќƒ	S m inan gen sg	ƒ
6391		.	.	PUNCT										PUNCT			
6392																	
6393	# sent = 546																
6394		Ќа	Ќј	PR			.   _Ќа_ это у мен€	а	н					PR	Ќј	PR	ј
6395		это	Ё“ќ	SPRO n - acc sg			  Ќа _это_ у мен€ ...	о	т	э				SPRO	Ё“ќ	S n - acc sg	ќ
6396		у	”	PR			 Ќа это _у_ мен€ ... ушло	у						PR	”	PR	”
6397		мен€	я	SPRO sg 1p - gen			Ќа это у _мен€_ ... ушло ...	€	н	е	м			SPRO	я	SPRO sg 1p - acc	я
6398		...	...	PUNCT										PUNCT			
6399		ушло	”…“»	V pf praet sg indic n -			у мен€ ... _ушло_ ... где-то два	о	л	ш	у			V	”…“»	V pf praet sg indic n -	»
6400		...	...	PUNCT										PUNCT			
6401		где-то	√ƒ≈-“ќ	ADV -			... ушло ... _где-то_ два дн€ .	о	т	-	е	д	г	ADV	√ƒ≈-“ќ	ADV -	ќ
6402		два	ƒ¬ј	NUM nom m inan			ушло ... где-то _два_ дн€ . 	а	в	д				NUM	ƒ¬ј	NUM acc m inan	ј
6403		дн€	ƒ≈Ќ№	S m inan nom sg			... где-то два _дн€_ .  	€	н	д				S	ƒ≈Ќ№	S m inan gen sg	№
6404		.	.	PUNCT										PUNCT			
6405																	
6406	# sent = 547																
6407		ѕотом	ѕќ“ќћ	ADV -			.   _ѕотом_ € искал запчасти	м	о	т	о	п		ADV	ѕќ“ќћ	ADV -	ћ
6408		€	я	SPRO sg 1p - nom			  ѕотом _€_ искал запчасти ,	€						SPRO	я	SPRO sg 1p - nom	я
6409		искал	»— ј“№	V ipf praet sg indic m -			 ѕотом € _искал_ запчасти , потом	л	а	к	с	и		V	»— ј“№	V ipf praet sg indic m -	№
6410		запчасти	«јѕ„ј—“№	S f inan acc pl			ѕотом € искал _запчасти_ , потом искал	и	т	с	а	ч	п	S	«јѕ„ј—“№	S f inan acc pl	№
6411		,	,	PUNCT										PUNCT			
6412		потом	ѕќ“ќћ	ADV -			искал запчасти , _потом_ искал свободное врем€	м	о	т	о	п		ADV	ѕќ“ќћ	ADV -	ћ
6413		искал	»— ј“№	V ipf praet sg indic m -			запчасти , потом _искал_ свободное врем€ ,	л	а	к	с	и		V	»— ј“№	V ipf praet sg indic m -	№
6414		свободное	—¬ќЅќƒЌџ…	A - acc sg plen n inan			, потом искал _свободное_ врем€ , чтобы	е	о	н	д	о	б	A	—¬ќЅќƒЌџ…	A - acc sg plen n inan	…
6415		врем€	¬–≈ћя	S n inan acc sg			потом искал свободное _врем€_ , чтобы этим	€	м	е	р	в		S	¬–≈ћя	S n inan acc sg	я
6416		,	,	PUNCT										PUNCT			
6417		чтобы	„“ќЅџ	CONJ			свободное врем€ , _чтобы_ этим позаниматьс€ .	ы	б	о	т	ч		CONJ	„“ќЅџ	CONJ	џ
6418		этим	Ё“ќ	SPRO n - ins sg			врем€ , чтобы _этим_ позаниматьс€ . 	м	и	т	э			SPRO	Ё“ќ	S n - ins sg	ќ
6419		позаниматьс€	ѕќ«јЌ»ћј“№—я	V pf - - inf - -			, чтобы этим _позаниматьс€_ .  	€	с	ь	т	а	м	V	ѕќ«јЌ»ћј“№—я	V pf - - inf - -	я
6420		.	.	PUNCT										PUNCT			
6421																	
6422	# sent = 548																
6423	"<distinct form="""																
6424	<dist>	естессно															
6425	""">"																
6426		≈стественно	≈—“≈—“¬≈ЌЌќ	PARENTH			 естессно  _≈стественно_  , денежные	о	н	н	е	в	т	ADV	≈—“≈—“¬≈ЌЌќ	ADV -	ќ
6427	</distinct>																
6428		,	,	PUNCT										PUNCT			
6429		денежные	ƒ≈Ќ≈∆Ќџ…	A - acc pl plen - inan			≈стественно  , _денежные_ средства тоже нужно	е	ы	н	ж	е	н	A	ƒ≈Ќ≈∆Ќџ…	A - acc pl plen - inan	…
6430		средства	—–≈ƒ—“¬ќ	S n inan acc pl			 , денежные _средства_ тоже нужно было	а	в	т	с	д	е	S	—–≈ƒ—“¬ќ	S n inan acc pl	ќ
6431		тоже	“ќ∆≈	ADV			, денежные средства _тоже_ нужно было найти	е	ж	о	т			PART	“ќ∆≈	PART	≈
6432		нужно	Ќ”∆Ќќ	PRAEDIC			денежные средства тоже _нужно_ было найти .	о	н	ж	у	н		PRAEDIC	Ќ”∆Ќќ	ADV -	ќ
6433		было	Ѕџ“№	V ipf praet sg indic n -			средства тоже нужно _было_ найти . 	о	л	ы	б			V	Ѕџ“№	V ipf praet sg indic n -	№
6434		найти	Ќј…“»	V pf - - inf - -			тоже нужно было _найти_ .  	и	т	й	а	н		V	Ќј…“»	V pf - - inf - -	»
6435		.	.	PUNCT										PUNCT			
6436																	
6437	# sent = 549																
6438		»	»	CONJ			.   _»_ Е относительно недавно	и						CONJ	»	CONJ	»
6439		Е	Е	PUNCT										PUNCT			
6440		относительно	ќ“Ќќ—»“≈Ћ№Ќќ	ADV -			 » Е _относительно_ недавно € всЄ	о	н	ь	л	е	т	ADV	ќ“Ќќ—»“≈Ћ№Ќќ	ADV -	ќ
6441		недавно	Ќ≈ƒј¬Ќќ	ADV -			» Е относительно _недавно_ € всЄ это	о	н	в	а	д	е	ADV	Ќ≈ƒј¬Ќќ	ADV -	ќ
6442		€	я	SPRO sg 1p - nom			Е относительно недавно _€_ всЄ это закончил	€						SPRO	я	SPRO sg 1p - nom	я
6443		всЄ	¬≈—№	APRO - acc sg plen - -			относительно недавно € _всЄ_ это закончил Е	Є	с	в				APRO	¬≈—№	A - nom pl plen - -	№
6444		это	Ё“ќ	SPRO n - acc sg			недавно € всЄ _это_ закончил Е 	о	т	э				SPRO	Ё“ќ	S n inan acc sg	ќ
6445		закончил	«ј ќЌ„»“№	V pf praet sg indic m -			€ всЄ это _закончил_ Е  	л	и	ч	н	о	к	V	«ј ќЌ„»“№	V pf praet sg indic m -	№
6446		Е	Е	PUNCT										PUNCT			
6447																	
6448	# sent = 550																
6449	# speaker = ƒима																
6450	# sent = 551																
6451		ѕоначалу	ѕќЌј„јЋ”	ADV -			   _ѕоначалу_ было даже страшно	у	л	а	ч	а	н	ADV	ѕќЌј„јЋ”	ADV -	”
6452		было	Ѕџ“№	V ipf praet sg indic n -			  ѕоначалу _было_ даже страшно немного	о	л	ы	б			V	Ѕџ“№	V ipf praet sg indic n -	№
6453		даже	ƒј∆≈	PART			 ѕоначалу было _даже_ страшно немного ездить	е	ж	а	д			PART	ƒј∆≈	PART	≈
6454		страшно	—“–јЎЌќ	ADV -			ѕоначалу было даже _страшно_ немного ездить ,	о	н	ш	а	р	т	ADV	—“–јЎЌќ	ADV -	ќ
6455		немного	Ќ≈ћЌќ√ќ	ADV -			было даже страшно _немного_ ездить , 	о	г	о	н	м	е	ADV	Ќ≈ћЌќ√ќ	ADV -	ќ
6456		ездить	≈«ƒ»“№	V ipf - - inf - -			даже страшно немного _ездить_ ,  потомушта	ь	т	и	д	з	е	V	≈«ƒ»“№	V ipf - - inf - -	№
6457		,	,	PUNCT										PUNCT			
6458	"<distinct form="""																
6459	<dist>	потомушта															
6460	""">"																
6461		потому что	потому что	CONJ	раздельно		 потомушта  _потому что_  до этого	о	т	ч	 	у	м	CONJ	потому что	CONJ	о
6462	</distinct>																
6463		до	ƒќ	PR			 потому что  _до_ этого на 	о	д					PR	ƒќ	PR	ќ
6464		этого	Ё“ќ	SPRO n - gen sg			потому что  до _этого_ на  спорбайке	о	г	о	т	э		SPRO	Ё“ќ	S n - gen sg	ќ
6465		на	Ќј	PR			 до этого _на_  спорбайке 	а	н					PR	Ќј	PR	ј
6466	"<distinct form="""																
6467	<dist>	спорбайке															
6468	""">"																
6469		спортбайке	—ѕќ–“Ѕј… 	S m inan loc sg	new		 спорбайке  _спортбайке_  € не	е	к	й	а	б	т	S	—ѕќ–“Ѕј… ј	S f inan nom sg	 
6470	</distinct>																
6471		€	я	SPRO sg 1p - nom			 спортбайке  _€_ не каталс€ .	€						SPRO	я	SPRO sg 1p - nom	я
6472		не	Ќ≈	PART			спортбайке  € _не_ каталс€ . 	е	н					PART	Ќ≈	PART	≈
6473		каталс€	 ј“ј“№—я	V ipf praet sg indic m -			 € не _каталс€_ .  	€	с	л	а	т	а	V	 ј“ј“№—я	V ipf praet sg indic m -	я
6474		.	.	PUNCT										PUNCT			
6475																	
6476	# sent = 552																
6477		»	»	CONJ			.   _»_ было ощущение ,	и						CONJ	»	CONJ	»
6478		было	Ѕџ“№	V ipf praet sg indic n -			  » _было_ ощущение , что	о	л	ы	б			V	Ѕџ“№	V ipf praet sg indic n -	№
6479		ощущение	ќў”ў≈Ќ»≈	S n inan nom sg			 » было _ощущение_ , что это	е	и	н	е	щ	у	S	ќў”ў≈Ќ»≈	S n inan nom sg	≈
6480		,	,	PUNCT										PUNCT			
6481		что	„“ќ	CONJ			было ощущение , _что_ это немного не	о	т	ч				CONJ	„“ќ	CONJ	ќ
6482		это	Ё“ќ	SPRO n - nom sg			ощущение , что _это_ немного не моЄ	о	т	э				SPRO	Ё“ќ	S n - nom sg	ќ
6483		немного	Ќ≈ћЌќ√ќ	ADV -			, что это _немного_ не моЄ ,	о	г	о	н	м	е	ADV	Ќ≈ћЌќ√ќ	ADV -	ќ
6484		не	Ќ≈	PART			что это немного _не_ моЄ , что	е	н					PART	Ќ≈	PART	≈
6485		моЄ	ћќ…	APRO - nom sg plen n -			это немного не _моЄ_ , что €	Є	о	м				APRO	ћќ…	A - nom sg plen n -	…
6486		,	,	PUNCT										PUNCT			
6487		что	„“ќ	CONJ			не моЄ , _что_ € в любой	о	т	ч				CONJ	„“ќ	CONJ	ќ
6488		€	я	SPRO sg 1p - nom			моЄ , что _€_ в любой момент	€						SPRO	я	SPRO sg 1p - nom	я
6489		в	¬	PR			, что € _в_ любой момент могу	в						PR	¬	PR	¬
6490		любой	ЋёЅќ…	A - acc sg plen m inan			что € в _любой_ момент могу разбитьс€	й	о	б	ю	л		A	ЋёЅќ…	A - acc sg plen m inan	…
6491		момент	ћќћ≈Ќ“	S m inan acc sg			€ в любой _момент_ могу разбитьс€ ,	т	н	е	м	о	м	S	ћќћ≈Ќ“	S m inan acc sg	“
6492		могу	ћќ„№	V ipf praes sg indic - 1p			в любой момент _могу_ разбитьс€ , и	у	г	о	м			V	ћќ„№	V ipf praes sg indic - 1p	№
6493		разбитьс€	–ј«Ѕ»“№—я	V pf - - inf - -			любой момент могу _разбитьс€_ , и всЄ	€	с	ь	т	и	б	V	–ј«Ѕ»“№—я	V pf - - inf - -	я
6494		,	,	PUNCT										PUNCT			
6495		и	»	CONJ			могу разбитьс€ , _и_ всЄ в этом	и						CONJ	»	CONJ	»
6496		всЄ	¬—≈	ADV-			разбитьс€ , и _всЄ_ в этом духе	Є	с	в				ADV	¬—≈	ADV -	≈
6497		в	¬	PR			, и всЄ _в_ этом духе .	в						PR	¬	PR	¬
6498		этом	Ё“ќ“	APRO - loc sg plen m -			и всЄ в _этом_ духе . 	м	о	т	э			APRO	Ё“ќ“	A - loc sg plen m -	“
6499		духе	ƒ”’	S m inan loc sg			всЄ в этом _духе_ .  	е	х	у	д			S	ƒ”’	S m inan loc sg	’
6500		.	.	PUNCT										PUNCT			
6501																	
6502	# sent = 553																
6503	# speaker = ƒима																
6504	# sent = 554																
6505		Ќо	Ќќ	CONJ			   _Ќо_ Е  	о	н					CONJ	Ќќ	CONJ	ќ
6506		Е	Е	PUNCT										PUNCT			
6507																	
6508	# sent = 555																
6509	"<distinct form="""																
6510	<dist>	постепенна															
6511	""">"																
6512		постепенно	ѕќ—“≈ѕ≈ЌЌќ	ADV -			 постепенна  _постепенно_  € научилс€	о	н	н	е	п	е	ADV	ѕќ—“≈ѕ≈ЌЌќ	ADV -	ќ
6513	</distinct>																
6514		€	я	SPRO sg 1p - nom			 постепенно  _€_ научилс€ управл€ть ,	€						SPRO	я	SPRO sg 1p - nom	я
6515		научилс€	Ќј”„»“№—я	V pf praet sg indic m -			постепенно  € _научилс€_ управл€ть , маневрировать	€	с	л	и	ч	у	V	Ќј”„»“№—я	V pf praet sg indic m -	я
6516		управл€ть	”ѕ–ј¬Ћя“№	V ipf - - inf - -			 € научилс€ _управл€ть_ , маневрировать ,	ь	т	€	л	в	а	V	”ѕ–ј¬Ћя“№	V ipf - - inf - -	№
6517		,	,	PUNCT										PUNCT			
6518		маневрировать	ћјЌ≈¬–»–ќ¬ј“№	V ipf - - inf - -			научилс€ управл€ть , _маневрировать_ , аа ,	ь	т	а	в	о	р	V	ћјЌ≈¬–»–ќ¬ј“№	V ipf - - inf - -	№
6519		,	,	PUNCT										PUNCT			
6520		аа	јј	INTJ			, маневрировать , _аа_ ,  довольна	а	а					INTJ	јј	NONLEX	ј
6521		,	,	PUNCT										PUNCT			
6522	"<distinct form="""																
6523	<dist>	довольна															
6524	""">"																
6525		довольно	ƒќ¬ќЋ№Ќќ	ADV -			 довольна  _довольно_  на большой	о	н	ь	л	о	в	ADV	ƒќ¬ќЋ№Ќќ	ADV -	ќ
6526	</distinct>																
6527		на	Ќј	PR			 довольно  _на_ большой скорости ,	а	н					PR	Ќј	PR	ј
6528		большой	ЅќЋ№Ўќ…	A - loc sg plen f -			довольно  на _большой_ скорости , это	й	о	ш	ь	л	о	A	ЅќЋ№Ўќ…	A - loc sg plen f -	…
6529		скорости	— ќ–ќ—“№	S f inan loc sg			 на большой _скорости_ , это где-то	и	т	с	о	р	о	S	— ќ–ќ—“№	S f inan loc sg	№
6530		,	,	PUNCT										PUNCT			
6531		это	Ё“ќ	SPRO n - nom sg			большой скорости , _это_ где-то Е от	о	т	э				SPRO	Ё“ќ	S n - nom sg	ќ
6532		где-то	√ƒ≈-“ќ	ADV -			скорости , это _где-то_ Е от ста	о	т	-	е	д	г	ADV	√ƒ≈-“ќ	ADV -	ќ
6533		Е	Е	PUNCT										PUNCT			
6534		от	ќ“	PR			это где-то Е _от_ ста п€тидес€ти до	т	о					PR	ќ“	PR	“
6535		ста	—“ќ	NUM gen - -			где-то Е от _ста_ п€тидес€ти до ста	а	т	с				NUM	—“ќ	NUM loc - -	ќ
6536		п€тидес€ти	ѕя“№ƒ≈—я“	NUM gen - -			Е от ста _п€тидес€ти_ до ста семидес€ти	и	т	€	с	е	д	NUM	ѕя“№ƒ≈—я“	NUM loc - -	“
6537		до	ƒќ	PR			от ста п€тидес€ти _до_ ста семидес€ти .	о	д					PR	ƒќ	PR	ќ
6538		ста	—“ќ	NUM gen - -			ста п€тидес€ти до _ста_ семидес€ти . 	а	т	с				NUM	—“ќ	NUM loc - -	ќ
6539		семидес€ти	—≈ћ№ƒ≈—я“	NUM gen - -			п€тидес€ти до ста _семидес€ти_ .  	и	т	€	с	е	д	NUM	—≈ћ№ƒ≈—я“	NUM loc - -	“
6540		.	.	PUNCT										PUNCT			
6541																	
6542	# sent = 556																
6543		Ќо	Ќќ	CONJ			.   _Ќо_ ,  естессна	о	н					CONJ	Ќќ	CONJ	ќ
6544		,	,	PUNCT										PUNCT			
6545	"<distinct form="""																
6546	<dist>	естессна															
6547	""">"																
6548		естественно	≈—“≈—“¬≈ЌЌќ	PARENTH			 естессна  _естественно_  , 	о	н	н	е	в	т	PART	≈—“≈—“¬≈ЌЌќ	PART	ќ
6549	</distinct>																
6550		,	,	PUNCT										PUNCT			
6551	"<distinct form="""																
6552	<dist>	—ибиэрка															
6553	""">"																
6554		—BR	—BR	NONLEX			 —ибиэрка  _—BR_  может разгон€тьс€	r	b	с				NONLEX	—BR	NONLEX	R
6555	</distinct>																
6556		может	ћќ„№	V ipf praes sg indic - 3p			 —BR  _может_ разгон€тьс€ больше .	т	е	ж	о	м		V	ћќ„№	V ipf praes sg indic - 3p	№
6557		разгон€тьс€	–ј«√ќЌя“№—я	V ipf - - inf - -			—BR  может _разгон€тьс€_ больше . 	€	с	ь	т	€	н	V	–ј«√ќЌя“№—я	V ipf - - inf - -	я
6558		больше	ЅќЋ№Ў≈	ADV -			 может разгон€тьс€ _больше_ .  	е	ш	ь	л	о	б	ADV	ЅќЋ№Ў≈	ADV -	≈
6559		.	.	PUNCT										PUNCT			
6560																	
6561	# sent = 557																
6562		“ак как	“ак как	CONJ			.   _“ак как_ в ней 	к	а	к	 	к	а	CONJ	“ак как	CONJ	к
6563		в	¬	PR			  “ак как _в_ ней  шессот	в						PR	¬	PR	¬
6564		ней	ќЌј	SPRO sg 3p f loc			 “ак как в _ней_  шессот 	й	е	н				SPRO	ќЌј	SPRO sg 3p f loc	ј
6565	"<distinct form="""																
6566	<dist>	шессот															
6567	""">"																
6568		шестьсот	Ў≈—“№—ќ“	NUM nom - -			 шессот  _шестьсот_  кубов ,	т	о	с	ь	т	с	NUM	Ў≈—“№—ќ“	NUM acc - -	“
6569	</distinct>																
6570		кубов	 ”Ѕ	S m inan gen pl			 шестьсот  _кубов_ , она может	в	о	б	у	к		S	 ”Ѕ	S m inan gen pl	Ѕ
6571		,	,	PUNCT										PUNCT			
6572		она	ќЌј	SPRO sg 3p f nom			 кубов , _она_ может разогнатьс€ до	а	н	о				SPRO	ќЌј	SPRO sg 3p f nom	ј
6573		может	ћќ„№	V ipf praes sg indic - 3p			кубов , она _может_ разогнатьс€ до двухсот	т	е	ж	о	м		V	ћќ„№	V ipf praes sg indic - 3p	№
6574		разогнатьс€	–ј«ќ√Ќј“№—я	V pf - - inf - -			, она может _разогнатьс€_ до двухсот сорока	€	с	ь	т	а	н	V	–ј«ќ√Ќј“№—я	V pf - - inf - -	я
6575		до	ƒќ	PR			она может разогнатьс€ _до_ двухсот сорока .	о	д					PR	ƒќ	PR	ќ
6576		двухсот	ƒ¬≈—“»	NUM gen - -			может разогнатьс€ до _двухсот_ сорока . 	т	о	с	х	у	в	NUM	ƒ¬≈—“»	NUM gen - -	»
6577		сорока	—ќ–ќ 	NUM gen 			разогнатьс€ до двухсот _сорока_ .  	а	к	о	р	о	с	S	—ќ–ќ ј	S f anim nom sg	 
6578		.	.	PUNCT										PUNCT			
6579																	
6580	# sent = 558																
6581		≈сли	≈—Ћ»	CONJ			.   _≈сли_ смотреть по Е	и	л	с	е			CONJ	≈—Ћ»	CONJ	»
6582		смотреть	—ћќ“–≈“№	V ipf - - inf - -			  ≈сли _смотреть_ по Е 	ь	т	е	р	т	о	V	—ћќ“–≈“№	V ipf - - inf - -	№
6583		по	ѕќ	PR			 ≈сли смотреть _по_ Е  таблу	о	п					PR	ѕќ	PR	ќ
6584		Е	Е	PUNCT										PUNCT			
6585	"<distinct form="""																
6586	<dist>	таблу															
6587	""">"																
6588		табло	“јЅЋќ	S n inan dat sg 0			 таблу  _табло_  . 	о	л	б	а	т		S	“јЅЋќ	S n inan nonflex -	ќ
6589	</distinct>																
6590		.	.	PUNCT										PUNCT			
6591																	
6592	# sent = 559																
6593	# speaker = ƒима																
6594	# sent = 560																
6595		„то	„“ќ	SPRO n inan acc sg			   _„то_ € могу ещЄ	о	т	ч				SPRO	„“ќ	S n - nom sg	ќ
6596		€	я	SPRO sg 1p - nom			  „то _€_ могу ещЄ сказать	€						SPRO	я	SPRO sg 1p - nom	я
6597		могу	ћќ„№	V ipf praes sg indic - 1p			 „то € _могу_ ещЄ сказать ...	у	г	о	м			V	ћќ„№	V ipf praes sg indic - 1p	№
6598		ещЄ	≈ў≈	ADV -			„то € могу _ещЄ_ сказать ... 	Є	щ	е				ADV	≈ў≈	ADV -	≈
6599		сказать	— ј«ј“№	V pf - - inf - -			€ могу ещЄ _сказать_ ...  	ь	т	а	з	а	к	V	— ј«ј“№	V pf - - inf - -	№
6600		...	...	PUNCT										PUNCT			
6601																	
6602	# sent = 561																
6603		 огда	 ќ√ƒј	CONJ			...   _ огда_ ты катаешьс€ один	а	д	г	о	к		CONJ	 ќ√ƒј	CONJ	ј
6604		ты	“џ	SPRO sg 2p - nom			   огда _ты_ катаешьс€ один ,	ы	т					SPRO	“џ	SPRO sg 2p - nom	џ
6605		катаешьс€	 ј“ј“№—я	V ipf praes sg indic - 2p			  огда ты _катаешьс€_ один , у	€	с	ь	ш	е	а	V	 ј“ј“№—я	V ipf praes sg indic - 2p	я
6606		один	ќƒ»Ќ	ANUM - nom sg plen m -			 огда ты катаешьс€ _один_ , у теб€	н	и	д	о			ANUM	ќƒ»Ќ	A - nom sg plen m -	Ќ
6607		,	,	PUNCT										PUNCT			
6608		у	”	PR			катаешьс€ один , _у_ теб€ абсолютное спокойствие	у						PR	”	PR	”
6609		теб€	“џ	SPRO sg 2p - gen			один , у _теб€_ абсолютное спокойствие ,	€	б	е	т			SPRO	“џ	SPRO sg 2p - acc	џ
6610		абсолютное	јЅ—ќЋё“Ќџ…	A - nom sg plen n -			, у теб€ _абсолютное_ спокойствие , ты	е	о	н	т	ю	л	A	јЅ—ќЋё“Ќџ…	A - nom sg plen n -	…
6611		спокойствие	—ѕќ ќ…—“¬»≈	S n inan nom sg			у теб€ абсолютное _спокойствие_ , ты не	е	и	в	т	с	й	S	—ѕќ ќ…—“¬»≈	S n inan nom sg	≈
6612		,	,	PUNCT										PUNCT			
6613		ты	“џ	SPRO sg 2p - nom			абсолютное спокойствие , _ты_ не переживаешь ,	ы	т					SPRO	“џ	SPRO sg 2p - nom	џ
6614		не	Ќ≈	PART			спокойствие , ты _не_ переживаешь , у	е	н					PART	Ќ≈	PART	≈
6615		переживаешь	ѕ≈–≈∆»¬ј“№	V ipf praes sg indic - 2p			, ты не _переживаешь_ , у теб€	ь	ш	е	а	в	и	V	ѕ≈–≈∆»¬ј“№	V ipf praes sg indic - 2p	№
6616		,	,	PUNCT										PUNCT			
6617		у	”	PR			не переживаешь , _у_ теб€ есть врем€	у						PR	”	PR	”
6618		теб€	“џ	SPRO sg 2p - gen			переживаешь , у _теб€_ есть врем€ подумать	€	б	е	т			SPRO	“џ	SPRO sg 2p - acc	џ
6619		есть	Ѕџ“№	V ipf praes sg indic - 3p			, у теб€ _есть_ врем€ подумать ,	ь	т	с	е			V	Ѕџ“№	V ipf praes sg indic - 3p	№
6620		врем€	¬–≈ћя	S n inan nom sg			у теб€ есть _врем€_ подумать , о	€	м	е	р	в		S	¬–≈ћя	S n inan acc sg	я
6621		подумать	ѕќƒ”ћј“№	V pf - - inf - -			теб€ есть врем€ _подумать_ , о чЄм	ь	т	а	м	у	д	V	ѕќƒ”ћј“№	V pf - - inf - -	№
6622		,	,	PUNCT										PUNCT			
6623		о	ќ	PR			врем€ подумать , _о_ чЄм ты хочешь	о						PR	ќ	PR	ќ
6624		чЄм	„“ќ	SPRO n inan loc sg			подумать , о _чЄм_ ты хочешь .	м	Є	ч				SPRO	„“ќ	S n - loc sg	ќ
6625		ты	“џ	SPRO sg 2p - nom			, о чЄм _ты_ хочешь . 	ы	т					SPRO	“џ	SPRO sg 2p - nom	џ
6626		хочешь	’ќ“≈“№	V ipf praes sg indic - 2p			о чЄм ты _хочешь_ .  	ь	ш	е	ч	о	х	V	’ќ“≈“№	V ipf praes sg indic - 2p	№
6627		.	.	PUNCT										PUNCT			
6628																	
6629	# sent = 562																
6630		”	”	PR			.   _”_ теб€ есть возможность	у						PR	”	PR	”
6631		теб€	“џ	SPRO sg 2p - gen			  ” _теб€_ есть возможность закрытьс€	€	б	е	т			SPRO	“џ	SPRO sg 2p - acc	џ
6632		есть	Ѕџ“№	V ipf praes sg indic - 3p			 ” теб€ _есть_ возможность закрытьс€ в	ь	т	с	е			V	Ѕџ“№	V ipf praes sg indic - 3p	№
6633		возможность	¬ќ«ћќ∆Ќќ—“№	S f inan nom sg			” теб€ есть _возможность_ закрытьс€ в себе	ь	т	с	о	н	ж	S	¬ќ«ћќ∆Ќќ—“№	S f inan acc sg	№
6634		закрытьс€	«ј –џ“№—я	V pf - - inf - -			теб€ есть возможность _закрытьс€_ в себе .	€	с	ь	т	ы	р	V	«ј –џ“№—я	V pf - - inf - -	я
6635		в	¬	PR			есть возможность закрытьс€ _в_ себе . 	в						PR	¬	PR	¬
6636		себе	—≈Ѕя	SPRO - - - loc			возможность закрытьс€ в _себе_ .  	е	б	е	с			SPRO	—≈Ѕя	SPRO - - - loc	я
6637		.	.	PUNCT										PUNCT			
6638																	
6639	# sent = 563																
6640		Ќо	Ќќ	CONJ			.   _Ќо_ ни в коем случае не советую	о	н					CONJ	Ќќ	CONJ	ќ
6641		ни в коем случае	ни в коем случае	ADV -	раздельно		  Ќо _ни в коем случае_ не советую слушать	е	а	ч	у	л	с	ADV	ни в коем случае	ADV -	е
6642		не	Ќ≈	PART			 Ќо ни в коем случае _не_ советую слушать музыку	е	н					PART	Ќ≈	PART	≈
6643		советую	—ќ¬≈“ќ¬ј“№	V ipf praes sg indic - 1p			Ќо ни в коем случае не _советую_ слушать музыку в	ю	у	т	е	в	о	V	—ќ¬≈“ќ¬ј“№	V ipf praes sg indic - 1p	№
6644		слушать	—Ћ”Ўј“№	V ipf - - inf - -			ни в коем случае не советую _слушать_ музыку в наушниках	ь	т	а	ш	у	л	V	—Ћ”Ўј“№	V ipf - - inf - -	№
6645		музыку	ћ”«џ ј	S f inan acc sg			не советую слушать _музыку_ в наушниках ,	у	к	ы	з	у	м	S	ћ”«џ ј	S f inan acc sg	ј
6646		в	¬	PR			советую слушать музыку _в_ наушниках , потому	в						PR	¬	PR	¬
6647		наушниках	Ќј”ЎЌ» »	S - inan loc pl			слушать музыку в _наушниках_ , потому что	х	а	к	и	н	ш	S	Ќј”ЎЌ» »	S - inan loc pl	»
6648		,	,	PUNCT										PUNCT			
6649		потому	ѕќ“ќћ”	ADV -			в наушниках , _потому_ что ... ааа	у	м	о	т	о	п	ADV	ѕќ“ќћ”	ADV -	”
6650		что	„“ќ	CONJ			наушниках , потому _что_ ... ааа ,	о	т	ч				CONJ	„“ќ	S n inan acc sg	ќ
6651		...	...	PUNCT										PUNCT			
6652		ааа	јјј	INTJ			потому что ... _ааа_ , обычно даже	а	а	а				INTJ	јјј	INTJ	ј
6653		,	,	PUNCT										PUNCT			
6654		обычно	ќЅџ„Ќќ	ADV -			... ааа , _обычно_ даже если вы	о	н	ч	ы	б	о	ADV	ќЅџ„Ќќ	ADV -	ќ
6655		даже	ƒј∆≈	PART			ааа , обычно _даже_ если вы катаетесь	е	ж	а	д			PART	ƒј∆≈	CONJ	≈
6656		если	≈—Ћ»	CONJ			, обычно даже _если_ вы катаетесь днЄм	и	л	с	е			CONJ	≈—Ћ»	CONJ	»
6657		вы	¬џ	SPRO pl 2p - nom			обычно даже если _вы_ катаетесь днЄм ,	ы	в					SPRO	¬џ	SPRO pl 2p - nom	џ
6658		катаетесь	 ј“ј“№—я	V ipf praes pl indic - 2p			даже если вы _катаетесь_ днЄм , вы	ь	с	е	т	е	а	V	 ј“ј“№—я	V ipf praes pl indic - 2p	я
6659		днЄм	ƒ≈Ќ№	S m inan ins sg			если вы катаетесь _днЄм_ , вы всЄ	м	Є	н	д			S	ƒ≈Ќ№	S m inan ins sg	№
6660		,	,	PUNCT										PUNCT			
6661		вы	¬џ	SPRO pl 2p - nom			катаетесь днЄм , _вы_ всЄ равно находитесь	ы	в					SPRO	¬џ	SPRO pl 2p - nom	џ
6662		всЄ	¬—≈	SPRO inan n - nom sg			днЄм , вы _всЄ_ равно находитесь в	Є	с	в				S	¬—≈	S n - nom sg	≈
6663		равно	–ј¬Ќџ…	A - - sg brev n -			, вы всЄ _равно_ находитесь в потоке	о	н	в	а	р		A	–ј¬Ќџ…	A - - sg brev n -	…
6664		находитесь	Ќј’ќƒ»“№—я	V ipf praes pl indic - 2p			вы всЄ равно _находитесь_ в потоке машин	ь	с	е	т	и	д	V	Ќј’ќƒ»“№—я	V ipf praes pl indic - 2p	я
6665		в	¬	PR			всЄ равно находитесь _в_ потоке машин ,	в						PR	¬	PR	¬
6666		потоке	ѕќ“ќ 	S m inan loc sg			равно находитесь в _потоке_ машин , и	е	к	о	т	о	п	S	ѕќ“ќ 	S m inan loc sg	 
6667		машин	ћјЎ»Ќј	S f inan gen pl			находитесь в потоке _машин_ , и порой	н	и	ш	а	м		S	ћјЎ»Ќј	S f inan gen pl	ј
6668		,	,	PUNCT										PUNCT			
6669		и	»	CONJ			потоке машин , _и_ порой бывает очень	и						CONJ	»	CONJ	»
6670		порой	ѕќ–ј	S f inan ins sg			машин , и _порой_ бывает очень трудно	й	о	р	о	п		S	ѕќ–ј	S f inan ins sg	ј
6671		бывает	Ѕџ¬ј“№	V ipf praes sg indic - 3p			, и порой _бывает_ очень трудно перестроитьс€	т	е	а	в	ы	б	V	Ѕџ¬ј“№	V ipf praes sg indic - 3p	№
6672		очень	ќ„≈Ќ№	ADV -			и порой бывает _очень_ трудно перестроитьс€ ,	ь	н	е	ч	о		ADV	ќ„≈Ќ№	ADV -	№
6673		трудно	“–”ƒЌќ	ADV -			порой бывает очень _трудно_ перестроитьс€ , и	о	н	д	у	р	т	ADV	“–”ƒЌќ	ADV -	ќ
6674		перестроитьс€	ѕ≈–≈—“–ќ»“№—я	V pf - - inf - -			бывает очень трудно _перестроитьс€_ , и не	€	с	ь	т	и	о	V	ѕ≈–≈—“–ќ»“№—я	V pf - - inf - -	я
6675		,	,	PUNCT										PUNCT			
6676		и	»	CONJ			трудно перестроитьс€ , _и_ не замечаете ,	и						CONJ	»	CONJ	»
6677		не	Ќ≈	PART			перестроитьс€ , и _не_ замечаете , когда	е	н					PART	Ќ≈	PART	≈
6678		замечаете	«јћ≈„ј“№	V ipf praes pl indic - 2p			, и не _замечаете_ , когда вас	е	т	е	а	ч	е	V	«јћ≈„ј“№	V ipf praes pl indic - 2p	№
6679		,	,	PUNCT										PUNCT			
6680		когда	 ќ√ƒј	CONJ			не замечаете , _когда_ вас подрезают или	а	д	г	о	к		CONJ	 ќ√ƒј	CONJ	ј
6681		вас	¬џ	SPRO pl 2p - acc			замечаете , когда _вас_ подрезают или хот€т	с	а	в				SPRO	¬џ	SPRO pl 2p - loc	џ
6682		подрезают	ѕќƒ–≈«ј“№	V ipf praes pl indic - 3p			, когда вас _подрезают_ или хот€т подрезать	т	ю	а	з	е	р	V	ѕќƒ–≈«ј“№	V ipf praes pl indic - 3p	№
6683		или	»Ћ»	CONJ			когда вас подрезают _или_ хот€т подрезать ,	и	л	и				CONJ	»Ћ»	CONJ	»
6684		хот€т	’ќ“≈“№	V ipf praes pl indic - 3p			вас подрезают или _хот€т_ подрезать , или	т	€	т	о	х		V	’ќ“≈“№	V ipf praes pl indic - 3p	№
6685		подрезать	ѕќƒ–≈«ј“№	V pf - - inf - -			подрезают или хот€т _подрезать_ , или просто	ь	т	а	з	е	р	V	ѕќƒ–≈«ј“№	V pf - - inf - -	№
6686		,	,	PUNCT										PUNCT			
6687		или	»Ћ»	CONJ			хот€т подрезать , _или_ просто машина по€вл€етс€	и	л	и				CONJ	»Ћ»	CONJ	»
6688		просто	ѕ–ќ—“ќ	PART			подрезать , или _просто_ машина по€вл€етс€ из	о	т	с	о	р	п	PART	ѕ–ќ—“ќ	PART	ќ
6689		машина	ћјЎ»Ќј	S f inan nom sg			, или просто _машина_ по€вл€етс€ из ниоткуда	а	н	и	ш	а	м	S	ћјЎ»Ќј	S f inan nom sg	ј
6690		по€вл€етс€	ѕќя¬Ћя“№—я	V ipf praes sg indic - 3p			или просто машина _по€вл€етс€_ из ниоткуда .	€	с	т	е	€	л	V	ѕќя¬Ћя“№—я	V ipf praes sg indic - 3p	я
6691		из	»«	PR			просто машина по€вл€етс€ _из_ ниоткуда . 	з	и					PR	»«	PR	«
6692		ниоткуда	Ќ»ќ“ ”ƒј	ADV -			машина по€вл€етс€ из _ниоткуда_ .  	а	д	у	к	т	о	ADV	Ќ»ќ“ ”ƒј	ADV -	ј
6693		.	.	PUNCT										PUNCT			
6694																	
6695	# sent = 564																
6696		ѕоэтому	ѕќЁ“ќћ”	ADV -			.   _ѕоэтому_ всегда лучше при	у	м	о	т	э	о	ADV	ѕќЁ“ќћ”	ADV -	”
6697		всегда	¬—≈√ƒј	ADV -			  ѕоэтому _всегда_ лучше при выезде	а	д	г	е	с	в	ADV	¬—≈√ƒј	ADV -	ј
6698		лучше	’ќ–ќЎќ	ADV comp			 ѕоэтому всегда _лучше_ при выезде притормозить	е	ш	ч	у	л		ADV	’ќ–ќЎќ	ADV comp	ќ
6699		при	ѕ–»	PR			ѕоэтому всегда лучше _при_ выезде притормозить 	и	р	п				PR	ѕ–»	PR	»
6700		выезде	¬џ≈«ƒ	S m inan loc sg			всегда лучше при _выезде_ притормозить  немножка	е	д	з	е	ы	в	S	¬џ≈«ƒ	S m inan loc sg	ƒ
6701		притормозить	ѕ–»“ќ–ћќ«»“№	V pf - - inf - -			лучше при выезде _притормозить_  немножка 	ь	т	и	з	о	м	V	ѕ–»“ќ–ћќ«»“№	V pf - - inf - -	№
6702	"<distinct form="""																
6703	<dist>	немножка															
6704	""">"																
6705		немножко	Ќ≈ћЌќ∆ ќ	ADV -			 немножка  _немножко_  , потому что	о	к	ж	о	н	м	ADV	Ќ≈ћЌќ∆ ќ	ADV -	ќ
6706	</distinct>																
6707		,	,	PUNCT										PUNCT			
6708		потому что	потому что	CONJ	раздельно		немножко  , _потому что_ если вас 	о	т	ч	 	у	м	CONJ	потому что	CONJ	о
6709		если	≈—Ћ»	CONJ			 , потому что _если_ вас  буд	и	л	с	е			CONJ	≈—Ћ»	CONJ	»
6710		вас	¬џ	SPRO pl 2p - acc			, потому что если _вас_  буд 	с	а	в				SPRO	¬џ	SPRO pl 2p - loc	џ
6711	"<distinct form="""																
6712	<dist>	буд															
6713	""">"																
6714		будет	Ѕџ“№	NONLEX		слитно	 буд  _будет_  ... собьЄт	т	е	д	у	б		V	Ѕџ“№	V ipf praes sg indic - 3p	№
6715	</distinct>																
6716		...	...	PUNCT										PUNCT			
6717		собьЄт	—Ѕ»“№	V pf fut sg indic - 3p			будет  ... _собьЄт_ машина , будет	т	Є	ь	б	о	с	V	—Ѕ»“№	V pf fut sg indic - 3p	№
6718		машина	ћјЎ»Ќј	S f inan nom sg			 ... собьЄт _машина_ , будет немного	а	н	и	ш	а	м	S	ћјЎ»Ќј	S f inan nom sg	ј
6719		,	,	PUNCT										PUNCT			
6720		будет	Ѕџ“№	V ipf fut sg indic - 3p			собьЄт машина , _будет_ немного некомфортно .	т	е	д	у	б		V	Ѕџ“№	V ipf praes sg indic - 3p	№
6721		немного	Ќ≈ћЌќ√ќ	ADV -			машина , будет _немного_ некомфортно . 	о	г	о	н	м	е	ADV	Ќ≈ћЌќ√ќ	ADV -	ќ
6722		некомфортно	Ќ≈ ќћ‘ќ–“Ќќ	ADV -			, будет немного _некомфортно_ .  	о	н	т	р	о	ф	ADV	Ќ≈ ќћ‘ќ–“Ќќ	ADV -	ќ
6723		.	.	PUNCT										PUNCT			
6724																	
6725	# sent = 565																
6726		ќсобенно	ќ—ќЅ≈ЌЌќ	ADV -			.   _ќсобенно_ если у вас	о	н	н	е	б	о	ADV	ќ—ќЅ≈ЌЌќ	ADV -	ќ
6727		если	≈—Ћ»	CONJ			  ќсобенно _если_ у вас нет	и	л	с	е			CONJ	≈—Ћ»	CONJ	»
6728		у	”	PR			 ќсобенно если _у_ вас нет защиты	у						PR	”	PR	”
6729		вас	¬џ	SPRO pl 2p - gen			ќсобенно если у _вас_ нет защиты .	с	а	в				SPRO	¬џ	SPRO pl 2p - loc	џ
6730		нет	Ќ≈“	PART			если у вас _нет_ защиты . 	т	е	н				ADV	Ќ≈“	ADV -	“
6731		защиты	«јў»“ј	S f inan gen sg			у вас нет _защиты_ .  	ы	т	и	щ	а	з	S	«јў»“ј	S f inan gen sg	ј
6732		.	.	PUNCT										PUNCT			
6733																	
6734	# sent = 566																
6735		”	”	PR			.   _”_ мен€ она ,	у						PR	”	PR	”
6736		мен€	я	SPRO sg 1p - gen			  ” _мен€_ она , к	€	н	е	м			SPRO	я	SPRO sg 1p - acc	я
6737		она	ќЌј	SPRO sg 3p f nom			 ” мен€ _она_ , к счастью	а	н	о				SPRO	ќЌј	SPRO sg 3p f nom	ј
6738		,	,	PUNCT										PUNCT			
6739		к	 	PR			мен€ она , _к_ счастью , есть	к						PR	 	PR	 
6740		счастью	—„ј—“№≈	S n inan dat sg			она , к _счастью_ , есть ,	ю	ь	т	с	а	ч	S	—„ј—“№≈	S n inan dat sg	≈
6741		,	,	PUNCT										PUNCT			
6742		есть	Ѕџ“№	V ipf praes sg indic - 3p			к счастью , _есть_ , € ей	ь	т	с	е			V	Ѕџ“№	V ipf praes sg indic - 3p	№
6743		,	,	PUNCT										PUNCT			
6744		€	я	SPRO sg 1p - nom			, есть , _€_ ей пользуюсь .	€						SPRO	я	SPRO sg 1p - nom	я
6745		ей	ќЌј	SPRO sg 3p f ins			есть , € _ей_ пользуюсь . 	й	е					SPRO	ќЌј	SPRO sg 3p f dat	ј
6746		пользуюсь	ѕќЋ№«ќ¬ј“№—я	V ipf praes sg indic - 1p			, € ей _пользуюсь_ .  	ь	с	ю	у	з	ь	V	ѕќЋ№«ќ¬ј“№—я	V ipf praes sg indic - 1p	я
6747		.	.	PUNCT										PUNCT			
6748																	
6749	# sent = 567																
6750	# speaker = ƒима																
6751	# sent = 568																
6752		ƒействительно	ƒ≈…—“¬»“≈Ћ№Ќќ	ADV -			   _ƒействительно_ жалко , что	о	н	ь	л	е	т	ADV	ƒ≈…—“¬»“≈Ћ№Ќќ	ADV -	ќ
6753		жалко	∆јЋ ќ	ADV -			  ƒействительно _жалко_ , что мотоцикл	о	к	л	а	ж		ADV	∆јЋ ќ	ADV -	ќ
6754		,	,	PUNCT										PUNCT			
6755		что	„“ќ	CONJ			ƒействительно жалко , _что_ мотоцикл это Е	о	т	ч				CONJ	„“ќ	CONJ	ќ
6756		мотоцикл	ћќ“ќ÷» Ћ	S m inan nom sg			жалко , что _мотоцикл_ это Е два	л	к	и	ц	о	т	S	ћќ“ќ÷» Ћ	S m inan nom sg	Ћ
6757		это	Ё“ќ	PART			, что мотоцикл _это_ Е два ,	о	т	э				SPRO	Ё“ќ	S n - nom sg	ќ
6758		Е	Е	PUNCT										PUNCT			
6759		два	ƒ¬ј	NUM nom m inan			мотоцикл это Е _два_ , два с	а	в	д				NUM	ƒ¬ј	NUM acc m inan	ј
6760		,	,	PUNCT										PUNCT			
6761		два	ƒ¬ј	NUM nom m inan			Е два , _два_ с половиной сезона	а	в	д				NUM	ƒ¬ј	NUM acc m inan	ј
6762		с	—	PR			два , два _с_ половиной сезона ,	с						PR	—	PR	—
6763		половиной	ѕќЋќ¬»Ќј	S f inan ins sg			, два с _половиной_ сезона , 	й	о	н	и	в	о	S	ѕќЋќ¬»Ќј	S f inan ins sg	ј
6764		сезона	—≈«ќЌ	S m inan gen sg			два с половиной _сезона_ ,  потомушта	а	н	о	з	е	с	S	—≈«ќЌ	S m inan gen sg	Ќ
6765		,	,	PUNCT										PUNCT			
6766	"<distinct form="""																
6767	<dist>	потомушта															
6768	""">"																
6769		потому что	потому что	CONJ	раздельно		 потомушта  _потому что_  потом ааа	о	т	ч	 	у	м	CONJ	потому что	CONJ	о
6770	</distinct>																
6771		потом	ѕќ“ќћ	ADV -			 потому что  _потом_ ааа не будет	м	о	т	о	п		ADV	ѕќ“ќћ	ADV -	ћ
6772		ааа	јјј	INTJ			потому что  потом _ааа_ не будет уже	а	а	а				INTJ	јјј	INTJ	ј
6773		не	Ќ≈	PART			 потом ааа _не_ будет уже такого	е	н					PART	Ќ≈	PART	≈
6774		будет	Ѕџ“№	V ipf fut sg indic - 3p			потом ааа не _будет_ уже такого сильного	т	е	д	у	б		V	Ѕџ“№	V ipf praes sg indic - 3p	№
6775		уже	”∆≈	ADV -			ааа не будет _уже_ такого сильного желани€	е	ж	у				ADV	”∆≈	ADV -	≈
6776		такого	“ј ќ…	APRO - gen sg plen n -			не будет уже _такого_ сильного желани€ ,	о	г	о	к	а	т	APRO	“ј ќ…	A - gen sg plen n -	…
6777		сильного	—»Ћ№Ќџ…	A - gen sg plen n -			будет уже такого _сильного_ желани€ , как	о	г	о	н	ь	л	A	—»Ћ№Ќџ…	A - gen sg plen n -	…
6778		желани€	∆≈ЋјЌ»≈	S n inan gen sg			уже такого сильного _желани€_ , как 	€	и	н	а	л	е	S	∆≈ЋјЌ»≈	S n inan gen sg	≈
6779		,	,	PUNCT										PUNCT			
6780		как	 ј 	CONJ			сильного желани€ , _как_  сечас 	к	а	к				CONJ	 ј 	CONJ	 
6781	"<distinct form="""																
6782	<dist>	сечас															
6783	""">"																
6784		сейчас	—≈…„ј—	ADV -			 сечас  _сейчас_  , на	с	а	ч	й	е	с	ADV	—≈…„ј—	ADV -	—
6785	</distinct>																
6786		,	,	PUNCT										PUNCT			
6787		на	Ќј	PR			сейчас  , _на_ нЄм ездить ,	а	н					PR	Ќј	PR	ј
6788		нЄм	ќЌ	SPRO sg 3p m loc			 , на _нЄм_ ездить , да	м	Є	н				SPRO	ќЌ	SPRO sg 3p m loc	Ќ
6789		ездить	≈«ƒ»“№	V ipf - - inf - -			, на нЄм _ездить_ , да и	ь	т	и	д	з	е	V	≈«ƒ»“№	V ipf - - inf - -	№
6790		,	,	PUNCT										PUNCT			
6791		да	ƒј	CONJ			нЄм ездить , _да_ и возможности тоже	а	д					CONJ	ƒј	CONJ	ј
6792		и	»	CONJ			ездить , да _и_ возможности тоже .	и						CONJ	»	CONJ	»
6793		возможности	¬ќ«ћќ∆Ќќ—“№	S f inan gen pl			, да и _возможности_ тоже . 	и	т	с	о	н	ж	S	¬ќ«ћќ∆Ќќ—“№	S f inan nom pl	№
6794		тоже	“ќ∆≈	ADV			да и возможности _тоже_ .  	е	ж	о	т			PART	“ќ∆≈	PART	≈
6795		.	.	PUNCT										PUNCT			
6796																	
6797	# sent = 569																
6798	# speaker = ƒима																
6799	# sent = 570																
6800		јм	јћ	INTJ			   _јм_ Е есть два	м	а					INTJ	јћј	S f anim acc pl	ћ
6801		Е	Е	PUNCT										PUNCT			
6802		есть	Ѕџ“№	V ipf praes sg indic - 3p			 јм Е _есть_ два варианта ээ	ь	т	с	е			V	Ѕџ“№	V ipf praes sg indic - 3p	№
6803		два	ƒ¬ј	NUM nom m inan			јм Е есть _два_ варианта ээ покататьс€	а	в	д				NUM	ƒ¬ј	NUM acc m inan	ј
6804		варианта	¬ј–»јЌ“	S m inan gen sg			Е есть два _варианта_ ээ покататьс€ на	а	т	н	а	и	р	S	¬ј–»јЌ“	S m inan gen sg	“
6805		ээ	ЁЁ	INTJ			есть два варианта _ээ_ покататьс€ на мотоцикле	э	э					NONLEX	ЁЁ	NONLEX	Ё
6806		покататьс€	ѕќ ј“ј“№—я	V pf - - inf - -			два варианта ээ _покататьс€_ на мотоцикле .	€	с	ь	т	а	т	V	ѕќ ј“ј“№—я	V pf - - inf - -	я
6807		на	Ќј	PR			варианта ээ покататьс€ _на_ мотоцикле . 	а	н					PR	Ќј	PR	ј
6808		мотоцикле	ћќ“ќ÷» Ћ	S m inan loc sg			ээ покататьс€ на _мотоцикле_ .  	е	л	к	и	ц	о	S	ћќ“ќ÷» Ћ	S m inan loc sg	Ћ
6809		.	.	PUNCT										PUNCT			
6810																	
6811	# sent = 571																
6812		Ёто	Ё“ќ	SPRO n - nom sg			.   _Ёто_ один или эээ	о	т	э				SPRO	Ё“ќ	S n - nom sg	ќ
6813		один	ќƒ»Ќ	ANUM - nom sg plen m -			  Ёто _один_ или эээ 	н	и	д	о			ANUM	ќƒ»Ќ	A - nom sg plen m -	Ќ
6814		или	»Ћ»	CONJ			 Ёто один _или_ эээ  с	и	л	и				CONJ	»Ћ»	CONJ	»
6815		эээ	ЁЁЁ	INTJ			Ёто один или _эээ_  с ведущим	э	э	э				NONLEX	ЁЁЁ	NONLEX	Ё
6816	<noindex>[нрзб]</noindex>																
6817		с	—	PR			или эээ  _с_ ведущим . 	с						PR	—	PR	—
6818		ведущим	¬≈ƒ”ў»…	S m anim ins sg			эээ  с _ведущим_ .  	м	и	щ	у	д	е	S	¬≈ƒ”ў»…	S m anim ins sg	…
6819		.	.	PUNCT										PUNCT			
6820																	
6821	# sent = 572																
6822		Ёээ	ЁЁЁ	INTJ			.   _Ёээ_ , либо же	э	э	э				NONLEX	ЁЁЁ	NONLEX	Ё
6823		,	,	PUNCT										PUNCT			
6824		либо	Ћ»Ѕќ	CONJ			 Ёээ , _либо_ же ты сидишь	о	б	и	л			CONJ	Ћ»Ѕќ	CONJ	ќ
6825		же	∆≈	PART			Ёээ , либо _же_ ты сидишь вторым	е	ж					PART	∆≈	PART	≈
6826		ты	“џ	SPRO sg 2p - nom			, либо же _ты_ сидишь вторым ,	ы	т					SPRO	“џ	SPRO sg 2p - nom	џ
6827		сидишь	—»ƒ≈“№	V ipf praes sg indic - 2p			либо же ты _сидишь_ вторым , это	ь	ш	и	д	и	с	V	—»ƒ≈“№	V ipf praes sg indic - 2p	№
6828		вторым	¬“ќ–ќ…	ANUM - ins sg plen m -			же ты сидишь _вторым_ , это не	м	ы	р	о	т	в	ANUM	¬“ќ–ќ…	A - ins sg plen m -	…
6829		,	,	PUNCT										PUNCT			
6830		это	Ё“ќ	SPRO n - nom sg			сидишь вторым , _это_ не суть .	о	т	э				SPRO	Ё“ќ	S n - nom sg	ќ
6831		не	Ќ≈	PART			вторым , это _не_ суть . 	е	н					PART	Ќ≈	PART	≈
6832		суть	—”“№	S f inan nom sg			, это не _суть_ .  	ь	т	у	с			V	Ѕџ“№	V ipf praes sg indic - 3p	№
6833		.	.	PUNCT										PUNCT			
6834																	
6835	# sent = 573																
6836		Ћибо	Ћ»Ѕќ	CONJ			.   _Ћибо_ ты едешь один	о	б	и	л			CONJ	Ћ»Ѕќ	CONJ	ќ
6837		ты	“џ	SPRO sg 2p - nom			  Ћибо _ты_ едешь один ,	ы	т					SPRO	“џ	SPRO sg 2p - nom	џ
6838		едешь	≈’ј“№	V ipf praes sg indic - 2p			 Ћибо ты _едешь_ один , но	ь	ш	е	д	е		V	≈’ј“№	V ipf praes sg indic - 2p	№
6839		один	ќƒ»Ќ	ANUM - nom sg plen m -			Ћибо ты едешь _один_ , но 	н	и	д	о			ANUM	ќƒ»Ќ	A - nom sg plen m -	Ќ
6840		,	,	PUNCT										PUNCT			
6841		но	Ќќ	CONJ			едешь один , _но_  ввэ 	о	н					CONJ	Ќќ	CONJ	ќ
6842	"<distinct form="""																
6843	<dist>	ввэ															
6844	""">"																
6845		в	¬	PR			 ввэ  _в_  компании .	в						PR	¬	S - - nonflex -	¬
6846	</distinct>																
6847		компании	 ќћѕјЌ»я	S f inan loc sg			 в  _компании_ .  	и	и	н	а	п	м	S	 ќћѕјЌ»я	S f inan gen sg	я
6848		.	.	PUNCT										PUNCT			
6849																	
6850	# sent = 574																
6851		“о есть	“о есть	CONJ	раздельно		.   _“о есть_ один на мотоцикле	ь	т	с	е	 	о	CONJ	“о есть	ADV -	ь
6852		один	ќƒ»Ќ	ANUM - nom sg plen m -			  “о есть _один_ на мотоцикле с	н	и	д	о			ANUM	ќƒ»Ќ	A - nom sg plen m -	Ќ
6853		на	Ќј	PR			 “о есть один _на_ мотоцикле с компанией	а	н					PR	Ќј	PR	ј
6854		мотоцикле	ћќ“ќ÷» Ћ	S m inan loc sg			“о есть один на _мотоцикле_ с компанией .	е	л	к	и	ц	о	S	ћќ“ќ÷» Ћ	S m inan loc sg	Ћ
6855		с	—	PR			один на мотоцикле _с_ компанией . 	с						PR	—	PR	—
6856		компанией	 ќћѕјЌ»я	S f inan ins sg			на мотоцикле с _компанией_ .  	й	е	и	н	а	п	S	 ќћѕјЌ»я	S f inan ins sg	я
6857		.	.	PUNCT										PUNCT			
6858																	
6859	# sent = 575																
6860	# speaker = ƒима																
6861	# sent = 576																
6862		¬торой	¬“ќ–ќ…	ANUM - acc sg plen m -			   _¬торой_ случай € тоже	й	о	р	о	т	в	ANUM	¬“ќ–ќ…	A - nom sg plen m -	…
6863		случай	—Ћ”„ј…	S m inan acc sg			  ¬торой _случай_ € тоже рассматривал	й	а	ч	у	л	с	S	—Ћ”„ј…	S m inan nom sg	…
6864		€	я	SPRO sg 1p - nom			 ¬торой случай _€_ тоже рассматривал .	€						SPRO	я	SPRO sg 1p - nom	я
6865		тоже	“ќ∆≈	ADV			¬торой случай € _тоже_ рассматривал . 	е	ж	о	т			PART	“ќ∆≈	PART	≈
6866		рассматривал	–ј——ћј“–»¬ј“№	V ipf praet sg indic m -			случай € тоже _рассматривал_ .  	л	а	в	и	р	т	V	–ј——ћј“–»¬ј“№	V ipf praet sg indic m -	№
6867		.	.	PUNCT										PUNCT			
6868																	
6869	# sent = 577																
6870		я	я	SPRO sg 1p - nom			.   _я_ нашЄл компанию мотоциклистов	€						SPRO	я	SPRO sg 1p - nom	я
6871		нашЄл	Ќј…“»	V pf praet sg indic m -			  я _нашЄл_ компанию мотоциклистов .	л	Є	ш	а	н		V	Ќј…“»	V pf praet sg indic m -	»
6872		компанию	 ќћѕјЌ»я	S f inan gen sg			 я нашЄл _компанию_ мотоциклистов . 	ю	и	н	а	п	м	S	 ќћѕјЌ»я	S f inan acc sg	я
6873		мотоциклистов	ћќ“ќ÷» Ћ»—“	S m anim gen pl			я нашЄл компанию _мотоциклистов_ .  	в	о	т	с	и	л	S	ћќ“ќ÷» Ћ»—“	S m anim acc pl	“
6874		.	.	PUNCT										PUNCT			
6875																	
6876	# sent = 578																
6877		ѕоначалу	ѕќЌј„јЋ”	ADV -			.   _ѕоначалу_ они показались нормальными	у	л	а	ч	а	н	ADV	ѕќЌј„јЋ”	ADV -	”
6878		они	ќЌ»	SPRO pl - - nom			  ѕоначалу _они_ показались нормальными ,	и	н	о				SPRO	ќЌ»	SPRO pl - - nom	»
6879		показались	ѕќ ј«ј“№—я	V pf praet pl indic - -			 ѕоначалу они _показались_ нормальными , но	ь	с	и	л	а	з	V	ѕќ ј«ј“№—я	V pf praet pl indic - -	я
6880		нормальными	Ќќ–ћјЋ№Ќџ…	A - ins pl plen - -			ѕоначалу они показались _нормальными_ , но некоторые	и	м	ы	н	ь	л	A	Ќќ–ћјЋ№Ќџ…	A - ins pl plen - -	…
6881		,	,	PUNCT										PUNCT			
6882		но	Ќќ	CONJ			показались нормальными , _но_ некоторые из них	о	н					CONJ	Ќќ	CONJ	ќ
6883		некоторые	Ќ≈ ќ“ќ–џ≈	APRO - - nom pl			нормальными , но _некоторые_ из них очень	е	ы	р	о	т	о	S	Ќ≈ ќ“ќ–џ≈	S - - acc pl	≈
6884		из	»«	PR			, но некоторые _из_ них очень Е	з	и					PR	»«	PR	«
6885		них	ќЌ»	SPRO pl - - loc			но некоторые из _них_ очень Е странные	х	и	н				SPRO	ќЌ»	SPRO pl - - loc	»
6886		очень	ќ„≈Ќ№	ADV -			некоторые из них _очень_ Е странные и	ь	н	е	ч	о		ADV	ќ„≈Ќ№	ADV -	№
6887		Е	Е	PUNCT										PUNCT			
6888		странные	—“–јЌЌџ…	A - nom pl plen - -			них очень Е _странные_ и агрессивные порой	е	ы	н	н	а	р	A	—“–јЌЌџ…	A - nom pl plen - -	…
6889		и	»	CONJ			очень Е странные _и_ агрессивные порой .	и						CONJ	»	CONJ	»
6890		агрессивные	ј√–≈——»¬Ќџ…	A - nom pl plen - -			Е странные и _агрессивные_ порой . 	е	ы	н	в	и	с	A	ј√–≈——»¬Ќџ…	A - nom pl plen - -	…
6891		порой	ѕќ–ј	S f inan ins sg			странные и агрессивные _порой_ .  	й	о	р	о	п		S	ѕќ–ј	S f inan ins sg	ј
6892		.	.	PUNCT										PUNCT			
6893																	
6894	# sent = 579																
6895		ј	ј	CONJ			.   _ј_ это не особо	а						CONJ	ј	CONJ	ј
6896		это	Ё“ќ	SPRO n - nom sg			  ј _это_ не особо приветствуетс€	о	т	э				SPRO	Ё“ќ	S n - nom sg	ќ
6897		не	Ќ≈	PART			 ј это _не_ особо приветствуетс€ ,	е	н					PART	Ќ≈	PART	≈
6898		особо	ќ—ќЅќ	ADV -			ј это не _особо_ приветствуетс€ , потому что	о	б	о	с	о		ADV	ќ—ќЅќ	ADV -	ќ
6899		приветствуетс€	ѕ–»¬≈“—“¬ќ¬ј“№—я	V ipf praes sg indic - 3p			это не особо _приветствуетс€_ , потому что из-за	€	с	т	е	у	в	V	ѕ–»¬≈“—“¬ќ¬ј“№—я	V ipf praes sg indic - 3p	я
6900		,	,	PUNCT										PUNCT			
6901		потому что	потому что	CONJ	раздельно		особо приветствуетс€ , _потому что_ из-за большого количества	о	т	ч	 	у	м	CONJ	потому что	CONJ	о
6902		из-за	»«-«ј	PR			приветствуетс€ , потому что _из-за_ большого количества конфликтов	а	з	-	з	и		PR	»«-«ј	PR	ј
6903		большого	ЅќЋ№Ўќ…	A - gen sg plen n -			, потому что из-за _большого_ количества конфликтов многие	о	г	о	ш	ь	л	A	ЅќЋ№Ўќ…	A - gen sg plen n -	…
6904		количества	 ќЋ»„≈—“¬ќ	S n inan gen sg			потому что из-за большого _количества_ конфликтов многие разбиваютс€	а	в	т	с	е	ч	S	 ќЋ»„≈—“¬ќ	S n inan gen sg	ќ
6905		конфликтов	 ќЌ‘Ћ» “	S m inan gen pl			из-за большого количества _конфликтов_ многие разбиваютс€ именно	в	о	т	к	и	л	S	 ќЌ‘Ћ» “	S m inan gen pl	“
6906		многие	ћЌќ√»≈	SPRO - - nom pl 			большого количества конфликтов _многие_ разбиваютс€ именно на	е	и	г	о	н	м	S	ћЌќ√»≈	S - - nom pl	≈
6907		разбиваютс€	–ј«Ѕ»¬ј“№—я	V ipf praes pl indic - 3p			количества конфликтов многие _разбиваютс€_ именно на дороге	€	с	т	ю	а	в	V	–ј«Ѕ»¬ј“№—я	V ipf praes pl indic - 3p	я
6908		именно	»ћ≈ЌЌќ	ADV			конфликтов многие разбиваютс€ _именно_ на дороге .	о	н	н	е	м	и	PART	»ћ≈ЌЌќ	PART	ќ
6909		на	Ќј	PR			многие разбиваютс€ именно _на_ дороге . 	а	н					PR	Ќј	PR	ј
6910		дороге	ƒќ–ќ√ј	S f inan loc sg			разбиваютс€ именно на _дороге_ .  	е	г	о	р	о	д	S	ƒќ–ќ√ј	S f inan dat sg	ј
6911		.	.	PUNCT										PUNCT			
6912																	
6913	# sent = 580																
6914	# speaker = ƒима																
6915	# sent = 581																
6916		јм	јћ	INTJ			   _јм_ Е € могу	м	а					INTJ	јћј	S f anim acc pl	ћ
6917		Е	Е	PUNCT										PUNCT			
6918		€	я	SPRO sg 1p - nom			 јм Е _€_ могу сделать вывод	€						SPRO	я	SPRO sg 1p - nom	я
6919		могу	ћќ„№	V ipf praes sg indic - 1p			јм Е € _могу_ сделать вывод о	у	г	о	м			V	ћќ„№	V ipf praes sg indic - 1p	№
6920		сделать	—ƒ≈Ћј“№	V pf - - inf - -			Е € могу _сделать_ вывод о том	ь	т	а	л	е	д	V	—ƒ≈Ћј“№	V pf - - inf - -	№
6921		вывод	¬џ¬ќƒ	S m inan acc sg			€ могу сделать _вывод_ о том ,	д	о	в	ы	в		S	¬џ¬ќƒ	S m inan acc sg	ƒ
6922		о	ќ	PR			могу сделать вывод _о_ том , что	о						PR	ќ	PR	ќ
6923		том	“ќ	SPRO n - loc sg			сделать вывод о _том_ , что ’онда	м	о	т				SPRO	“ќ	S n - loc sg	ќ
6924		,	,	PUNCT										PUNCT			
6925		что	„“ќ	CONJ			о том , _что_ ’онда  —ибиэрка	о	т	ч				CONJ	„“ќ	CONJ	ќ
6926		’онда	’ќЌƒј	S f inan nom sg			том , что _’онда_  —ибиэрка 	а	д	н	о	х		S	’ќЌƒј	S m anim nom sg	ј
6927	"<distinct form="""																
6928	<dist>	—ибиэрка															
6929	""">"																
6930		—BR	—BR	NONLEX			 —ибиэрка  _—BR_  именно дл€	r	b	с				NONLEX	—BR	NONLEX	R
6931	</distinct>																
6932		именно	»ћ≈ЌЌќ	ADV			 —BR  _именно_ дл€ мен€ помогла	о	н	н	е	м	и	PART	»ћ≈ЌЌќ	PART	ќ
6933		дл€	ƒЋя	PR			—BR  именно _дл€_ мен€ помогла мне	€	л	д				PR	ƒЋя	PR	я
6934		мен€	я	SPRO sg 1p - gen			 именно дл€ _мен€_ помогла мне преодолеть	€	н	е	м			SPRO	я	SPRO sg 1p - acc	я
6935		помогла	ѕќћќ„№	V pf praet sg indic f -			именно дл€ мен€ _помогла_ мне преодолеть страх	а	л	г	о	м	о	V	ѕќћќ„№	V pf praet sg indic f -	№
6936		мне	я	SPRO sg 1p - dat			дл€ мен€ помогла _мне_ преодолеть страх скорости	е	н	м				SPRO	я	SPRO sg 1p - dat	я
6937		преодолеть	ѕ–≈ќƒќЋ≈“№	V pf - - inf - -			мен€ помогла мне _преодолеть_ страх скорости ,	ь	т	е	л	о	д	V	ѕ–≈ќƒќЋ≈“№	V pf - - inf - -	№
6938		страх	—“–ј’	S m inan acc sg			помогла мне преодолеть _страх_ скорости , который	х	а	р	т	с		S	—“–ј’	S m inan acc sg	’
6939		скорости	— ќ–ќ—“№	S f inan gen sg			мне преодолеть страх _скорости_ , который у	и	т	с	о	р	о	S	— ќ–ќ—“№	S f inan gen sg	№
6940		,	,	PUNCT										PUNCT			
6941		который	 ќ“ќ–џ…	APRO - nom sg plen m -			страх скорости , _который_ у мен€ был	й	ы	р	о	т	о	APRO	 ќ“ќ–џ…	A - nom sg plen m -	…
6942		у	”	PR			скорости , который _у_ мен€ был действительно	у						PR	”	PR	”
6943		мен€	я	SPRO sg 1p - gen			, который у _мен€_ был действительно одним	€	н	е	м			SPRO	я	SPRO sg 1p - acc	я
6944		был	Ѕџ“№	V ipf praet sg indic m -			который у мен€ _был_ действительно одним из	л	ы	б				V	Ѕџ“№	V ipf praet sg indic m -	№
6945		действительно	ƒ≈…—“¬»“≈Ћ№Ќќ	ADV -			у мен€ был _действительно_ одним из самых	о	н	ь	л	е	т	ADV	ƒ≈…—“¬»“≈Ћ№Ќќ	ADV -	ќ
6946		одним	ќƒ»Ќ	ANUM - ins sg plen m -			мен€ был действительно _одним_ из самых сильных	м	и	н	д	о		ANUM	ќƒ»Ќ	A - ins sg plen m -	Ќ
6947		из	»«	PR			был действительно одним _из_ самых сильных страхов	з	и					PR	»«	PR	«
6948		самых	—јћџ…	A - gen pl plen - -			действительно одним из _самых_ сильных страхов ,	х	ы	м	а	с		A	—јћџ…	A - gen pl plen - -	…
6949		сильных	—»Ћ№Ќџ…	A - gen pl plen - -			одним из самых _сильных_ страхов , помогла	х	ы	н	ь	л	и	A	—»Ћ№Ќџ…	A - gen pl plen - -	…
6950		страхов	—“–ј’	S m inan gen pl			из самых сильных _страхов_ , помогла мне	в	о	х	а	р	т	S	—“–ј’	S m inan gen pl	’
6951		,	,	PUNCT										PUNCT			
6952		помогла	ѕќћќ„№	V pf praet sg indic f -			сильных страхов , _помогла_ мне найти новую	а	л	г	о	м	о	V	ѕќћќ„№	V pf praet sg indic f -	№
6953		мне	я	SPRO sg 1p - dat			страхов , помогла _мне_ найти новую компанию	е	н	м				SPRO	я	SPRO sg 1p - dat	я
6954		найти	Ќј…“»	V pf - - inf - -			, помогла мне _найти_ новую компанию и	и	т	й	а	н		V	Ќј…“»	V pf - - inf - -	»
6955		новую	Ќќ¬џ…	A - acc sg plen f -			помогла мне найти _новую_ компанию и альтернативный	ю	у	в	о	н		A	Ќќ¬џ…	A - acc sg plen f -	…
6956		компанию	 ќћѕјЌ»я	S f inan acc sg			мне найти новую _компанию_ и альтернативный ночной	ю	и	н	а	п	м	S	 ќћѕјЌ»я	S f inan acc sg	я
6957		и	»	CONJ			найти новую компанию _и_ альтернативный ночной способ	и						CONJ	»	CONJ	»
6958		альтернативный	јЋ№“≈–Ќј“»¬Ќџ…	A - acc sg plen m -			новую компанию и _альтернативный_ ночной способ жизни	й	ы	н	в	и	т	A	јЋ№“≈–Ќј“»¬Ќџ…	A - nom sg plen m -	…
6959		ночной	Ќќ„Ќќ…	A - acc sg plen m -			компанию и альтернативный _ночной_ способ жизни .	й	о	н	ч	о	н	A	Ќќ„Ќќ…	A - nom sg plen m -	…
6960		способ	—ѕќ—ќЅ	S m inan acc sg			и альтернативный ночной _способ_ жизни . 	б	о	с	о	п	с	S	—ѕќ—ќЅ	S m inan nom sg	Ѕ
6961		жизни	∆»«Ќ№	S f inan acc sg			альтернативный ночной способ _жизни_ .  	и	н	з	и	ж		S	∆»«Ќ№	S f inan gen sg	№
6962		.	.	PUNCT										PUNCT			
6963																	
